Busco id	Status	Sequence	Gene Start	Gene End	Strand	Score	Length	OrthoDB url	Description
7at33392	Missing
123at33392	Missing
263at33392	Missing
416at33392	Missing
693at33392	Missing
695at33392	Missing
727at33392	Missing
734at33392	Missing
764at33392	Missing
786at33392	Missing
799at33392	Missing
805at33392	Missing
818at33392	Complete	NC_007416.3_LGX	4695534	4707085	-	3323.6	1952	https://www.orthodb.org/v10?query=818at33392	inositol 1,4,5-trisphosphate receptor isoform X1
832at33392	Fragmented	NC_007416.3_LGX	92066	92921	-	205.0	251	https://www.orthodb.org/v10?query=832at33392	Dbl homology (DH) domain
892at33392	Missing
911at33392	Missing
1040at33392	Missing
1224at33392	Complete	NC_007416.3_LGX	6623443	6632920	+	1547.7	1560	https://www.orthodb.org/v10?query=1224at33392	chondroitin sulfate proteoglycan 4
1226at33392	Missing
1321at33392	Missing
1447at33392	Missing
1503at33392	Missing
1556at33392	Missing
1561at33392	Missing
1673at33392	Missing
1815at33392	Missing
1864at33392	Missing
1903at33392	Missing
1937at33392	Missing
1964at33392	Missing
1980at33392	Missing
2010at33392	Missing
2351at33392	Missing
2366at33392	Missing
2376at33392	Complete	NC_007416.3_LGX	4474892	4485667	-	1484.1	1048	https://www.orthodb.org/v10?query=2376at33392	Nipped-B protein
2382at33392	Missing
2416at33392	Complete	NC_007416.3_LGX	7010935	7026236	-	2263.7	1348	https://www.orthodb.org/v10?query=2416at33392	protein MON2 homolog isoform X1
2473at33392	Missing
2565at33392	Missing
2645at33392	Missing
2647at33392	Missing
2650at33392	Missing
2690at33392	Missing
2789at33392	Complete	NC_007416.3_LGX	7222176	7232826	-	2065.0	1369	https://www.orthodb.org/v10?query=2789at33392	Rho GTPase-activating protein domain
3036at33392	Missing
3209at33392	Missing
3472at33392	Missing
3519at33392	Missing
3563at33392	Missing
3572at33392	Missing
3627at33392	Complete	NC_007416.3_LGX	4119235	4127450	+	2878.0	1686	https://www.orthodb.org/v10?query=3627at33392	HEAT repeat-containing protein 5B isoform X1
3733at33392	Missing
3737at33392	Missing
4074at33392	Missing
4197at33392	Missing
4223at33392	Missing
4339at33392	Missing
4484at33392	Missing
4595at33392	Complete	NC_007416.3_LGX	1587243	1592024	+	2291.0	1139	https://www.orthodb.org/v10?query=4595at33392	Cytoplasmic FMR1-interacting protein
4701at33392	Missing
4774at33392	Missing
4915at33392	Missing
5068at33392	Missing
5169at33392	Missing
5263at33392	Missing
5266at33392	Missing
5384at33392	Missing
5437at33392	Missing
5668at33392	Missing
5695at33392	Missing
5830at33392	Missing
5918at33392	Missing
6081at33392	Missing
6111at33392	Missing
6183at33392	Missing
6420at33392	Missing
6526at33392	Missing
6540at33392	Missing
6551at33392	Complete	NC_007416.3_LGX	3309671	3317297	-	787.7	536	https://www.orthodb.org/v10?query=6551at33392	Histone-lysine N-methyltransferase, H3 lysine-79 specific
6679at33392	Missing
6697at33392	Missing
6700at33392	Missing
6911at33392	Missing
6988at33392	Missing
6994at33392	Missing
7081at33392	Missing
7103at33392	Missing
7116at33392	Missing
7153at33392	Missing
7239at33392	Complete	NC_007416.3_LGX	8041354	8052092	-	638.9	695	https://www.orthodb.org/v10?query=7239at33392	WASH complex subunit 7
7359at33392	Missing
7407at33392	Missing
7448at33392	Missing
7475at33392	Missing
7509at33392	Missing
7690at33392	Missing
7692at33392	Missing
7736at33392	Missing
7759at33392	Missing
7813at33392	Missing
7857at33392	Missing
7877at33392	Missing
7888at33392	Missing
7902at33392	Missing
7915at33392	Missing
7919at33392	Missing
7925at33392	Missing
7933at33392	Missing
8025at33392	Missing
8063at33392	Missing
8137at33392	Missing
8178at33392	Complete	NC_007416.3_LGX	6662448	6671627	+	984.5	1065	https://www.orthodb.org/v10?query=8178at33392	Histone-lysine N-methyltransferase
8408at33392	Complete	NC_007416.3_LGX	3939582	3947770	+	1604.8	914	https://www.orthodb.org/v10?query=8408at33392	Calcium-transporting ATPase
8550at33392	Missing
8561at33392	Missing
8607at33392	Missing
8676at33392	Missing
8689at33392	Missing
8740at33392	Missing
8777at33392	Complete	NC_007416.3_LGX	5073756	5078898	-	1482.1	959	https://www.orthodb.org/v10?query=8777at33392	cullin-associated NEDD8-dissociated protein 1
8839at33392	Missing
9071at33392	Missing
9080at33392	Missing
9083at33392	Missing
9126at33392	Missing
9189at33392	Missing
9194at33392	Missing
9206at33392	Missing
9376at33392	Missing
9404at33392	Missing
9432at33392	Missing
9436at33392	Missing
9531at33392	Missing
9603at33392	Missing
9679at33392	Missing
9910at33392	Missing
10409at33392	Missing
10442at33392	Missing
10581at33392	Missing
10629at33392	Missing
10632at33392	Complete	NC_007416.3_LGX	4993046	4996803	+	1366.2	870	https://www.orthodb.org/v10?query=10632at33392	isoleucine--tRNA ligase, cytoplasmic
10667at33392	Missing
10721at33392	Missing
10790at33392	Missing
10838at33392	Missing
10878at33392	Missing
10901at33392	Complete	NC_007416.3_LGX	5689489	5694559	+	1538.1	771	https://www.orthodb.org/v10?query=10901at33392	AP-2 complex subunit alpha
10902at33392	Missing
10919at33392	Missing
10925at33392	Missing
10976at33392	Missing
11006at33392	Missing
11012at33392	Missing
11043at33392	Missing
11090at33392	Missing
11167at33392	Missing
11178at33392	Missing
11298at33392	Missing
11299at33392	Missing
11304at33392	Complete	NC_007416.3_LGX	8104092	8121090	+	1220.5	779	https://www.orthodb.org/v10?query=11304at33392	Ankyrin repeat-containing domain
11331at33392	Missing
11388at33392	Missing
11429at33392	Missing
11623at33392	Missing
11701at33392	Missing
11793at33392	Missing
11884at33392	Missing
11904at33392	Missing
12042at33392	Missing
12162at33392	Missing
12178at33392	Missing
12240at33392	Missing
12264at33392	Missing
12344at33392	Complete	NC_007416.3_LGX	3964312	3971660	-	1105.9	722	https://www.orthodb.org/v10?query=12344at33392	C2 domain
12398at33392	Missing
12405at33392	Complete	NC_007416.3_LGX	8550138	8565051	+	1284.2	732	https://www.orthodb.org/v10?query=12405at33392	transportin-1
12417at33392	Missing
12432at33392	Missing
12473at33392	Missing
12694at33392	Complete	NC_007416.3_LGX	222977	227040	+	720.2	553	https://www.orthodb.org/v10?query=12694at33392	Exocyst complex component 2
12726at33392	Missing
12761at33392	Missing
12843at33392	Missing
12845at33392	Missing
12875at33392	Missing
13104at33392	Missing
13148at33392	Missing
13274at33392	Missing
13494at33392	Missing
13520at33392	Missing
13622at33392	Missing
13672at33392	Missing
13811at33392	Missing
13837at33392	Complete	NC_007416.3_LGX	6094618	6097395	+	1071.6	596	https://www.orthodb.org/v10?query=13837at33392	Carboxylesterase, type B
13895at33392	Missing
13924at33392	Missing
13959at33392	Missing
13990at33392	Missing
14106at33392	Missing
14116at33392	Missing
14121at33392	Missing
14212at33392	Missing
14297at33392	Missing
14326at33392	Missing
14360at33392	Missing
14408at33392	Missing
14797at33392	Missing
14817at33392	Missing
14828at33392	Missing
15014at33392	Missing
15035at33392	Missing
15056at33392	Missing
15093at33392	Missing
15145at33392	Missing
15197at33392	Missing
15206at33392	Missing
15211at33392	Missing
15244at33392	Complete	NC_007416.3_LGX	4251395	4256398	+	1016.4	878	https://www.orthodb.org/v10?query=15244at33392	WD repeat-containing protein 35
15344at33392	Missing
15476at33392	Missing
15496at33392	Missing
15554at33392	Missing
15603at33392	Missing
15662at33392	Missing
15729at33392	Missing
15736at33392	Complete	NC_007416.3_LGX	4803780	4807925	+	1065.8	619	https://www.orthodb.org/v10?query=15736at33392	striatin-interacting protein 1 homolog
15757at33392	Missing
15810at33392	Missing
15931at33392	Missing
15937at33392	Missing
16111at33392	Missing
16197at33392	Missing
16211at33392	Missing
16367at33392	Missing
16492at33392	Missing
16604at33392	Missing
16636at33392	Missing
16711at33392	Missing
16803at33392	Missing
16816at33392	Missing
16844at33392	Complete	NC_007416.3_LGX	182217	185199	+	765.8	539	https://www.orthodb.org/v10?query=16844at33392	N-alpha-acetyltransferase 35, NatC auxiliary subunit
16941at33392	Missing
16944at33392	Missing
17002at33392	Missing
17164at33392	Complete	NC_007416.3_LGX	7265180	7274254	+	1379.7	858	https://www.orthodb.org/v10?query=17164at33392	microtubule-associated serine/threonine-protein kinase 3 isoform X1
17218at33392	Missing
17260at33392	Missing
17280at33392	Missing
17402at33392	Missing
17406at33392	Missing
17436at33392	Complete	NC_007416.3_LGX	6525938	6528945	-	999.0	570	https://www.orthodb.org/v10?query=17436at33392	1,4-alpha-glucan-branching enzyme
17454at33392	Complete	NC_007416.3_LGX	4648702	4654690	-	896.4	696	https://www.orthodb.org/v10?query=17454at33392	F-BAR domain only protein 2 isoform X1
17562at33392	Missing
17778at33392	Missing
17779at33392	Complete	NC_007416.3_LGX	6318652	6323722	+	1283.6	1022	https://www.orthodb.org/v10?query=17779at33392	protein patched
17841at33392	Missing
17870at33392	Missing
17942at33392	Missing
17965at33392	Missing
18095at33392	Missing
18102at33392	Missing
18123at33392	Missing
18170at33392	Missing
18217at33392	Missing
18265at33392	Missing
18307at33392	Missing
18319at33392	Missing
18364at33392	Missing
18396at33392	Missing
18418at33392	Missing
18485at33392	Missing
18555at33392	Missing
18625at33392	Missing
18669at33392	Missing
18688at33392	Missing
18704at33392	Missing
18871at33392	Missing
18937at33392	Missing
18960at33392	Missing
18962at33392	Missing
18993at33392	Complete	NC_007416.3_LGX	4245665	4248556	-	742.5	451	https://www.orthodb.org/v10?query=18993at33392	MyTH4 domain
19159at33392	Missing
19197at33392	Missing
19212at33392	Missing
19237at33392	Missing
19490at33392	Missing
19513at33392	Missing
19518at33392	Complete	NC_007416.3_LGX	3018400	3037614	+	767.5	391	https://www.orthodb.org/v10?query=19518at33392	small conductance calcium-activated potassium channel protein
19576at33392	Missing
19703at33392	Missing
19750at33392	Missing
19811at33392	Missing
19862at33392	Missing
19938at33392	Missing
19947at33392	Missing
20013at33392	Missing
20137at33392	Missing
20154at33392	Missing
20200at33392	Missing
20260at33392	Missing
20347at33392	Missing
20393at33392	Missing
20413at33392	Missing
20478at33392	Missing
20572at33392	Missing
20578at33392	Complete	NC_007416.3_LGX	1674423	1709810	+	296.6	254	https://www.orthodb.org/v10?query=20578at33392	segmentation protein cap'n'collar isoform X1
20657at33392	Missing
20713at33392	Missing
20755at33392	Missing
20822at33392	Missing
20871at33392	Complete	NC_007416.3_LGX	3569628	3574702	-	285.5	151	https://www.orthodb.org/v10?query=20871at33392	Chitin binding domain
20903at33392	Missing
20947at33392	Missing
21058at33392	Missing
21123at33392	Missing
21142at33392	Missing
21156at33392	Missing
21164at33392	Missing
21358at33392	Missing
21377at33392	Missing
21395at33392	Missing
21447at33392	Missing
21667at33392	Missing
21773at33392	Missing
21777at33392	Missing
21810at33392	Missing
21872at33392	Missing
21907at33392	Missing
21919at33392	Missing
22168at33392	Missing
22212at33392	Missing
22375at33392	Missing
22383at33392	Missing
22425at33392	Missing
22462at33392	Missing
22547at33392	Missing
22694at33392	Missing
22698at33392	Missing
22700at33392	Missing
22720at33392	Missing
22758at33392	Missing
22793at33392	Missing
22801at33392	Missing
22922at33392	Missing
22999at33392	Missing
23035at33392	Missing
23046at33392	Missing
23050at33392	Missing
23190at33392	Missing
23192at33392	Missing
23231at33392	Missing
23254at33392	Missing
23314at33392	Missing
23332at33392	Missing
23401at33392	Missing
23402at33392	Missing
23416at33392	Missing
23428at33392	Missing
23454at33392	Missing
23571at33392	Missing
23652at33392	Missing
23708at33392	Missing
23751at33392	Missing
23880at33392	Missing
23886at33392	Missing
23893at33392	Missing
23900at33392	Missing
23920at33392	Missing
23991at33392	Missing
24031at33392	Missing
24037at33392	Missing
24129at33392	Missing
24181at33392	Missing
24277at33392	Missing
24313at33392	Missing
24370at33392	Missing
24464at33392	Missing
24500at33392	Missing
24708at33392	Missing
24785at33392	Missing
24807at33392	Missing
24830at33392	Missing
24831at33392	Missing
24860at33392	Missing
24945at33392	Missing
24989at33392	Missing
25051at33392	Missing
25099at33392	Complete	NC_007416.3_LGX	7940368	7942608	+	664.8	511	https://www.orthodb.org/v10?query=25099at33392	CSC1-like protein 2
25155at33392	Missing
25229at33392	Missing
25264at33392	Missing
25515at33392	Missing
25625at33392	Missing
25671at33392	Missing
25672at33392	Complete	NC_007416.3_LGX	7349085	7354376	-	765.7	380	https://www.orthodb.org/v10?query=25672at33392	Histone-arginine methyltransferase CARMER
25744at33392	Missing
25801at33392	Missing
25808at33392	Missing
25826at33392	Missing
25833at33392	Missing
25865at33392	Complete	NC_007416.3_LGX	6328384	6333354	+	829.9	786	https://www.orthodb.org/v10?query=25865at33392	nodal modulator 3
25962at33392	Missing
25982at33392	Missing
26108at33392	Missing
26117at33392	Missing
26153at33392	Missing
26232at33392	Missing
26299at33392	Missing
26339at33392	Missing
26342at33392	Missing
26365at33392	Missing
26372at33392	Missing
26541at33392	Missing
26589at33392	Missing
26637at33392	Missing
26701at33392	Missing
26706at33392	Missing
26744at33392	Missing
26754at33392	Missing
26891at33392	Missing
26936at33392	Missing
27066at33392	Missing
27094at33392	Missing
27137at33392	Missing
27241at33392	Complete	NC_007416.3_LGX	7976632	7981518	-	765.3	461	https://www.orthodb.org/v10?query=27241at33392	solute carrier family 12 member 8
27284at33392	Missing
27321at33392	Missing
27414at33392	Missing
27416at33392	Missing
27468at33392	Missing
27543at33392	Missing
27582at33392	Missing
27587at33392	Missing
27624at33392	Complete	NC_007416.3_LGX	4565270	4568086	+	1200.8	644	https://www.orthodb.org/v10?query=27624at33392	small G protein signaling modulator 3 homolog
27912at33392	Missing
28046at33392	Missing
28054at33392	Complete	NC_007416.3_LGX	4192209	4195738	+	111.7	319	https://www.orthodb.org/v10?query=28054at33392	acyl-CoA dehydrogenase family member 9, mitochondrial
28056at33392	Missing
28201at33392	Missing
28229at33392	Complete	NC_007416.3_LGX	4643843	4647456	+	300.1	340	https://www.orthodb.org/v10?query=28229at33392	Delta(24)-sterol reductase-like Protein
28238at33392	Missing
28252at33392	Missing
28254at33392	Missing
28447at33392	Missing
28462at33392	Missing
28649at33392	Complete	NC_007416.3_LGX	3895028	3895822	-	291.4	253	https://www.orthodb.org/v10?query=28649at33392	Cuticlin-1
28841at33392	Missing
28970at33392	Missing
28997at33392	Missing
29006at33392	Missing
29020at33392	Missing
29049at33392	Missing
29080at33392	Missing
29122at33392	Missing
29139at33392	Missing
29318at33392	Missing
29335at33392	Missing
29374at33392	Missing
29448at33392	Missing
29450at33392	Missing
29453at33392	Missing
29538at33392	Missing
29593at33392	Missing
29751at33392	Missing
29759at33392	Missing
29765at33392	Missing
29771at33392	Missing
29819at33392	Missing
29835at33392	Complete	NC_007416.3_LGX	3490990	3493141	-	111.7	215	https://www.orthodb.org/v10?query=29835at33392	Uncharacterized protein, isoform A
29853at33392	Missing
29992at33392	Missing
30074at33392	Missing
30105at33392	Missing
30189at33392	Complete	NC_007416.3_LGX	3756171	3761357	-	1006.7	805	https://www.orthodb.org/v10?query=30189at33392	semaphorin-5B
30205at33392	Missing
30275at33392	Missing
30294at33392	Missing
30448at33392	Missing
30523at33392	Missing
30601at33392	Missing
30614at33392	Missing
30645at33392	Missing
30793at33392	Missing
30825at33392	Missing
30867at33392	Missing
30981at33392	Missing
31027at33392	Missing
31054at33392	Missing
31107at33392	Missing
31216at33392	Missing
31340at33392	Missing
31341at33392	Missing
31446at33392	Missing
31584at33392	Missing
31763at33392	Missing
31801at33392	Complete	NC_007416.3_LGX	3126188	3134301	+	796.5	467	https://www.orthodb.org/v10?query=31801at33392	leishmanolysin-like peptidase
31850at33392	Missing
32236at33392	Missing
32267at33392	Complete	NC_007416.3_LGX	4612019	4618473	+	799.1	511	https://www.orthodb.org/v10?query=32267at33392	IQ motif and SEC7 domain-containing protein 1 isoform X1
32309at33392	Missing
32341at33392	Missing
32569at33392	Missing
32720at33392	Missing
32746at33392	Missing
32887at33392	Missing
32974at33392	Missing
32975at33392	Missing
33081at33392	Missing
33125at33392	Missing
33347at33392	Missing
33413at33392	Missing
33501at33392	Missing
33541at33392	Missing
33555at33392	Complete	NC_007416.3_LGX	3874191	3876042	+	476.5	369	https://www.orthodb.org/v10?query=33555at33392	RUN domain-containing protein 1
33567at33392	Missing
33663at33392	Missing
33859at33392	Missing
33907at33392	Missing
33940at33392	Missing
34033at33392	Missing
34045at33392	Missing
34131at33392	Missing
34166at33392	Missing
34245at33392	Missing
34358at33392	Missing
34427at33392	Missing
34518at33392	Missing
34533at33392	Missing
34563at33392	Missing
34784at33392	Missing
34848at33392	Missing
34853at33392	Missing
34998at33392	Missing
35038at33392	Complete	NC_007416.3_LGX	8183670	8216813	-	558.0	345	https://www.orthodb.org/v10?query=35038at33392	Homeobox domain
35048at33392	Missing
35103at33392	Missing
35136at33392	Complete	NC_007416.3_LGX	3906844	3908711	+	383.4	390	https://www.orthodb.org/v10?query=35136at33392	eukaryotic translation initiation factor 2D
35304at33392	Missing
35372at33392	Missing
35387at33392	Complete	NC_007416.3_LGX	6296799	6302372	+	644.7	1202	https://www.orthodb.org/v10?query=35387at33392	nucleoporin NUP188 homolog
35390at33392	Missing
35399at33392	Missing
35432at33392	Missing
35454at33392	Missing
35466at33392	Missing
35524at33392	Missing
35651at33392	Missing
35709at33392	Missing
35783at33392	Missing
35844at33392	Missing
35849at33392	Missing
35886at33392	Missing
35889at33392	Missing
36062at33392	Missing
36223at33392	Missing
36277at33392	Missing
36340at33392	Missing
36498at33392	Missing
36508at33392	Missing
36563at33392	Missing
36629at33392	Complete	NC_007416.3_LGX	3768449	3770289	+	599.8	395	https://www.orthodb.org/v10?query=36629at33392	Actin-related protein 8
36769at33392	Missing
36898at33392	Missing
36967at33392	Missing
37070at33392	Missing
37221at33392	Missing
37291at33392	Missing
37308at33392	Missing
37352at33392	Missing
37384at33392	Missing
37398at33392	Missing
37462at33392	Missing
37594at33392	Missing
37633at33392	Missing
37649at33392	Missing
37660at33392	Missing
37688at33392	Missing
37863at33392	Complete	NC_007416.3_LGX	6276179	6278722	-	814.2	479	https://www.orthodb.org/v10?query=37863at33392	glutaminase liver isoform, mitochondrial isoform X1
37931at33392	Missing
37972at33392	Missing
38031at33392	Missing
38109at33392	Missing
38175at33392	Missing
38381at33392	Missing
38540at33392	Missing
38568at33392	Missing
38595at33392	Missing
38633at33392	Missing
38737at33392	Missing
38756at33392	Missing
38824at33392	Missing
38863at33392	Missing
38912at33392	Missing
39088at33392	Missing
39138at33392	Complete	NC_007416.3_LGX	1491349	1493162	-	610.3	295	https://www.orthodb.org/v10?query=39138at33392	Voltage-gated potassium channel
39186at33392	Missing
39241at33392	Missing
39276at33392	Missing
39353at33392	Missing
39474at33392	Missing
39500at33392	Missing
39529at33392	Missing
39593at33392	Missing
39609at33392	Missing
39717at33392	Missing
39809at33392	Missing
39889at33392	Missing
39895at33392	Missing
39977at33392	Missing
40035at33392	Missing
40074at33392	Missing
40087at33392	Missing
40126at33392	Missing
40134at33392	Missing
40146at33392	Missing
40346at33392	Missing
40515at33392	Missing
40571at33392	Missing
40593at33392	Missing
40600at33392	Missing
40709at33392	Missing
40735at33392	Missing
40800at33392	Missing
40822at33392	Missing
40894at33392	Missing
40902at33392	Missing
41016at33392	Missing
41253at33392	Complete	NC_007416.3_LGX	6383725	6388563	-	748.8	472	https://www.orthodb.org/v10?query=41253at33392	serine proteinase stubble
41258at33392	Missing
41263at33392	Missing
41300at33392	Missing
41306at33392	Missing
41364at33392	Fragmented	NC_007416.3_LGX	3425380	3426381	-	267.5	214	https://www.orthodb.org/v10?query=41364at33392	katanin p60 ATPase-containing subunit A-like 2
41521at33392	Missing
41572at33392	Complete	NC_007416.3_LGX	4506985	4513401	-	397.3	454	https://www.orthodb.org/v10?query=41572at33392	Zinc finger, RanBP2-type
41638at33392	Missing
41697at33392	Missing
41720at33392	Missing
41901at33392	Missing
41942at33392	Missing
42041at33392	Missing
42066at33392	Missing
42095at33392	Missing
42107at33392	Missing
42129at33392	Missing
42142at33392	Missing
42167at33392	Missing
42175at33392	Missing
42226at33392	Missing
42238at33392	Missing
42287at33392	Missing
42344at33392	Missing
42381at33392	Missing
42423at33392	Missing
42451at33392	Missing
42611at33392	Missing
42626at33392	Missing
42631at33392	Complete	NC_007416.3_LGX	561204	565891	+	598.6	362	https://www.orthodb.org/v10?query=42631at33392	DNA-binding protein Ewg isoform X1
42652at33392	Missing
42781at33392	Missing
43062at33392	Missing
43184at33392	Missing
43199at33392	Missing
43243at33392	Complete	NC_007416.3_LGX	3118851	3121966	-	528.7	341	https://www.orthodb.org/v10?query=43243at33392	proclotting enzyme
43279at33392	Missing
43338at33392	Missing
43343at33392	Missing
43395at33392	Missing
43497at33392	Missing
43508at33392	Missing
43658at33392	Missing
43820at33392	Missing
43837at33392	Missing
43845at33392	Missing
43905at33392	Missing
43944at33392	Missing
44041at33392	Missing
44084at33392	Missing
44113at33392	Complete	NC_007416.3_LGX	1937645	1939276	-	402.3	346	https://www.orthodb.org/v10?query=44113at33392	sorting nexin-17
44230at33392	Missing
44286at33392	Missing
44325at33392	Missing
44346at33392	Missing
44494at33392	Missing
44551at33392	Missing
44640at33392	Missing
44653at33392	Missing
44722at33392	Missing
44726at33392	Missing
44779at33392	Missing
44855at33392	Complete	NC_007416.3_LGX	2139630	2142696	-	744.7	430	https://www.orthodb.org/v10?query=44855at33392	non-specific lipid-transfer protein
44889at33392	Missing
45014at33392	Missing
45052at33392	Missing
45077at33392	Missing
45086at33392	Missing
45103at33392	Missing
45168at33392	Fragmented	NC_007416.3_LGX	3910894	3912100	-	270.3	274	https://www.orthodb.org/v10?query=45168at33392	AP-2 complex subunit mu
45178at33392	Missing
45211at33392	Missing
45345at33392	Missing
45444at33392	Missing
45544at33392	Missing
45594at33392	Missing
45622at33392	Missing
45634at33392	Missing
45659at33392	Missing
45754at33392	Missing
45769at33392	Missing
45771at33392	Missing
45793at33392	Missing
45867at33392	Missing
46035at33392	Missing
46155at33392	Missing
46218at33392	Missing
46420at33392	Missing
46448at33392	Missing
46496at33392	Missing
46524at33392	Missing
46528at33392	Missing
46597at33392	Missing
46673at33392	Missing
46706at33392	Missing
46710at33392	Missing
46759at33392	Missing
46855at33392	Missing
46871at33392	Missing
46931at33392	Missing
47004at33392	Missing
47016at33392	Missing
47141at33392	Missing
47164at33392	Complete	NC_007416.3_LGX	4965631	4967901	-	394.1	408	https://www.orthodb.org/v10?query=47164at33392	conserved oligomeric Golgi complex subunit 2
47165at33392	Missing
47188at33392	Missing
47214at33392	Missing
47239at33392	Missing
47251at33392	Missing
47331at33392	Missing
47388at33392	Missing
47445at33392	Missing
47743at33392	Missing
47766at33392	Missing
47921at33392	Missing
48025at33392	Missing
48028at33392	Missing
48149at33392	Missing
48222at33392	Missing
48305at33392	Missing
48348at33392	Missing
48349at33392	Missing
48431at33392	Missing
48452at33392	Missing
48497at33392	Missing
48547at33392	Missing
48891at33392	Missing
48906at33392	Missing
48926at33392	Missing
49052at33392	Missing
49204at33392	Missing
49253at33392	Missing
49304at33392	Missing
49321at33392	Missing
49344at33392	Missing
49353at33392	Missing
49359at33392	Missing
49486at33392	Missing
49548at33392	Missing
49553at33392	Missing
49882at33392	Missing
49958at33392	Missing
49965at33392	Missing
50099at33392	Missing
50174at33392	Missing
50197at33392	Missing
50235at33392	Missing
50239at33392	Missing
50257at33392	Missing
50333at33392	Missing
50449at33392	Missing
50460at33392	Missing
50491at33392	Missing
50818at33392	Missing
50878at33392	Missing
50908at33392	Missing
50942at33392	Missing
51019at33392	Missing
51217at33392	Missing
51239at33392	Missing
51250at33392	Missing
51355at33392	Missing
51517at33392	Missing
51557at33392	Missing
51720at33392	Missing
51721at33392	Missing
51743at33392	Missing
51814at33392	Missing
51926at33392	Missing
52084at33392	Missing
52206at33392	Missing
52238at33392	Missing
52258at33392	Missing
52325at33392	Missing
52347at33392	Missing
52474at33392	Missing
52565at33392	Missing
52569at33392	Missing
52608at33392	Missing
52613at33392	Missing
52683at33392	Missing
52718at33392	Missing
52744at33392	Missing
52753at33392	Missing
52821at33392	Missing
52835at33392	Missing
53021at33392	Missing
53046at33392	Missing
53064at33392	Missing
53146at33392	Missing
53154at33392	Missing
53174at33392	Complete	NC_007416.3_LGX	5549526	5551356	-	442.2	261	https://www.orthodb.org/v10?query=53174at33392	myocyte-specific enhancer factor 2 isoform X1
53219at33392	Missing
53279at33392	Missing
53321at33392	Missing
53395at33392	Missing
53455at33392	Missing
53524at33392	Missing
53542at33392	Missing
53544at33392	Missing
53613at33392	Missing
53656at33392	Missing
53673at33392	Missing
53737at33392	Missing
53774at33392	Missing
53849at33392	Missing
53859at33392	Missing
53926at33392	Missing
54031at33392	Missing
54220at33392	Missing
54254at33392	Missing
54338at33392	Missing
54403at33392	Missing
54429at33392	Missing
54449at33392	Missing
54486at33392	Missing
54545at33392	Complete	NC_007416.3_LGX	4257795	4259267	-	476.2	317	https://www.orthodb.org/v10?query=54545at33392	protein disulfide-isomerase A6
54562at33392	Missing
54572at33392	Missing
54630at33392	Missing
54646at33392	Missing
54884at33392	Missing
54922at33392	Complete	NC_007416.3_LGX	2789520	2791146	+	336.7	346	https://www.orthodb.org/v10?query=54922at33392	U3 small nucleolar RNA-interacting protein 2
54969at33392	Missing
54982at33392	Missing
55066at33392	Missing
55137at33392	Missing
55173at33392	Missing
55224at33392	Missing
55359at33392	Missing
55513at33392	Missing
55588at33392	Missing
55677at33392	Missing
55734at33392	Missing
55804at33392	Missing
55960at33392	Missing
56025at33392	Missing
56038at33392	Missing
56087at33392	Complete	NC_007416.3_LGX	4977674	4979166	-	594.8	369	https://www.orthodb.org/v10?query=56087at33392	TBC1 domain family member 22B
56094at33392	Missing
56126at33392	Missing
56136at33392	Missing
56264at33392	Missing
56271at33392	Missing
56290at33392	Missing
56314at33392	Missing
56325at33392	Complete	NC_007416.3_LGX	2954405	2957559	-	402.8	354	https://www.orthodb.org/v10?query=56325at33392	carboxylesterase 5A
56327at33392	Missing
56386at33392	Missing
56493at33392	Missing
56506at33392	Missing
56574at33392	Missing
56869at33392	Missing
56937at33392	Missing
57038at33392	Missing
57156at33392	Missing
57185at33392	Missing
57218at33392	Missing
57237at33392	Missing
57263at33392	Missing
57482at33392	Missing
57630at33392	Missing
57811at33392	Missing
57999at33392	Missing
58112at33392	Missing
58122at33392	Missing
58418at33392	Missing
58435at33392	Missing
58612at33392	Missing
58681at33392	Missing
58687at33392	Missing
58693at33392	Complete	NC_007416.3_LGX	8157250	8158440	-	132.6	377	https://www.orthodb.org/v10?query=58693at33392	Leucine-rich repeat
58855at33392	Complete	NC_007416.3_LGX	3925132	3928146	+	584.5	337	https://www.orthodb.org/v10?query=58855at33392	ceramide glucosyltransferase
58968at33392	Missing
59010at33392	Missing
59078at33392	Missing
59217at33392	Missing
59253at33392	Missing
59261at33392	Missing
59339at33392	Missing
59393at33392	Missing
59421at33392	Missing
59425at33392	Missing
59499at33392	Missing
59521at33392	Missing
59533at33392	Missing
59539at33392	Missing
59601at33392	Missing
59631at33392	Missing
59760at33392	Missing
59912at33392	Missing
59917at33392	Missing
60045at33392	Missing
60133at33392	Missing
60178at33392	Missing
60265at33392	Missing
60291at33392	Missing
60325at33392	Missing
60341at33392	Missing
60364at33392	Missing
60367at33392	Missing
60450at33392	Missing
60550at33392	Missing
60560at33392	Missing
60657at33392	Missing
60736at33392	Missing
60822at33392	Missing
60850at33392	Missing
60893at33392	Missing
60927at33392	Missing
60935at33392	Missing
61033at33392	Complete	NC_007416.3_LGX	3206013	3207498	+	368.1	281	https://www.orthodb.org/v10?query=61033at33392	Dihydrolipoamide acetyltransferase component of pyruvate dehydrogenase complex
61067at33392	Complete	NC_007416.3_LGX	1279458	1281130	-	606.4	345	https://www.orthodb.org/v10?query=61067at33392	glutaryl-CoA dehydrogenase, mitochondrial
61227at33392	Missing
61244at33392	Missing
61311at33392	Missing
61316at33392	Missing
61317at33392	Missing
61334at33392	Missing
61463at33392	Missing
61504at33392	Missing
61549at33392	Missing
61550at33392	Missing
61636at33392	Missing
61648at33392	Missing
61713at33392	Missing
61724at33392	Missing
61736at33392	Missing
61826at33392	Missing
61840at33392	Missing
62059at33392	Missing
62135at33392	Complete	NC_007416.3_LGX	107008	111069	+	496.8	302	https://www.orthodb.org/v10?query=62135at33392	glycogenin-1 isoform X1
62181at33392	Missing
62331at33392	Missing
62392at33392	Missing
62446at33392	Missing
62459at33392	Missing
62492at33392	Complete	NC_007416.3_LGX	1823517	1825771	-	483.9	297	https://www.orthodb.org/v10?query=62492at33392	Palmitoyltransferase
62518at33392	Missing
62535at33392	Missing
62551at33392	Missing
62643at33392	Complete	NC_007416.3_LGX	3319155	3320621	+	552.9	339	https://www.orthodb.org/v10?query=62643at33392	adenosine monophosphate-protein transferase FICD homolog
62861at33392	Missing
62890at33392	Missing
62904at33392	Missing
62908at33392	Missing
63043at33392	Missing
63048at33392	Missing
63089at33392	Missing
63102at33392	Missing
63115at33392	Missing
63116at33392	Missing
63152at33392	Missing
63187at33392	Missing
63245at33392	Missing
63263at33392	Missing
63368at33392	Missing
63427at33392	Missing
63464at33392	Missing
63476at33392	Missing
63558at33392	Missing
63611at33392	Missing
63790at33392	Missing
63809at33392	Missing
63956at33392	Missing
63970at33392	Missing
64006at33392	Missing
64093at33392	Complete	NC_007416.3_LGX	3885991	3888068	-	384.2	276	https://www.orthodb.org/v10?query=64093at33392	transcription factor Ken
64274at33392	Missing
64441at33392	Missing
64495at33392	Missing
64554at33392	Missing
64585at33392	Missing
64614at33392	Missing
64650at33392	Missing
64675at33392	Missing
64883at33392	Missing
64925at33392	Missing
65048at33392	Missing
65075at33392	Missing
65095at33392	Missing
65190at33392	Complete	NC_007416.3_LGX	3592410	3595775	-	439.5	285	https://www.orthodb.org/v10?query=65190at33392	quinone oxidoreductase isoform X1
65306at33392	Missing
65314at33392	Missing
65376at33392	Missing
65452at33392	Missing
65542at33392	Missing
65545at33392	Missing
65564at33392	Missing
65594at33392	Missing
65619at33392	Missing
65924at33392	Missing
65944at33392	Missing
65996at33392	Missing
66029at33392	Missing
66103at33392	Missing
66108at33392	Missing
66138at33392	Missing
66165at33392	Complete	NC_007416.3_LGX	2784501	2786201	+	574.7	319	https://www.orthodb.org/v10?query=66165at33392	bifunctional arginine demethylase and lysyl-hydroxylase PSR
66174at33392	Missing
66211at33392	Missing
66272at33392	Complete	NC_007416.3_LGX	7464758	7469114	+	607.4	320	https://www.orthodb.org/v10?query=66272at33392	dual specificity mitogen-activated protein kinase kinase dSOR1
66308at33392	Complete	NC_007416.3_LGX	4972119	4973784	-	424.4	332	https://www.orthodb.org/v10?query=66308at33392	protein ABHD18 isoform X1
66442at33392	Missing
66456at33392	Complete	NC_007416.3_LGX	6849326	6856913	-	327.4	241	https://www.orthodb.org/v10?query=66456at33392	nuclear hormone receptor HR78 isoform X1
66506at33392	Missing
66582at33392	Missing
66584at33392	Missing
66694at33392	Missing
66706at33392	Missing
66747at33392	Missing
66776at33392	Missing
66873at33392	Missing
66877at33392	Missing
66888at33392	Missing
66954at33392	Missing
66960at33392	Missing
67007at33392	Missing
67040at33392	Missing
67141at33392	Missing
67319at33392	Missing
67471at33392	Missing
67542at33392	Missing
67610at33392	Missing
67624at33392	Missing
67685at33392	Missing
67693at33392	Missing
67754at33392	Missing
67769at33392	Missing
67937at33392	Missing
68003at33392	Missing
68006at33392	Missing
68112at33392	Missing
68165at33392	Missing
68297at33392	Missing
68504at33392	Missing
68579at33392	Missing
68602at33392	Missing
68621at33392	Missing
68688at33392	Missing
68730at33392	Missing
68738at33392	Missing
68899at33392	Missing
68971at33392	Missing
69244at33392	Missing
69272at33392	Missing
69378at33392	Missing
69449at33392	Missing
69538at33392	Missing
69579at33392	Missing
69713at33392	Missing
69716at33392	Missing
69808at33392	Missing
69913at33392	Missing
69997at33392	Missing
70044at33392	Missing
70106at33392	Missing
70138at33392	Fragmented	NC_007416.3_LGX	6569496	6570590	-	52.7	131	https://www.orthodb.org/v10?query=70138at33392	Loquacious
70184at33392	Missing
70299at33392	Missing
70328at33392	Missing
70355at33392	Missing
70431at33392	Complete	NC_007416.3_LGX	3200639	3205038	+	190.9	239	https://www.orthodb.org/v10?query=70431at33392	Cysteine protease
70458at33392	Missing
70469at33392	Missing
70694at33392	Missing
70724at33392	Missing
70755at33392	Missing
70814at33392	Missing
70817at33392	Missing
70891at33392	Missing
70929at33392	Missing
71022at33392	Missing
71050at33392	Missing
71151at33392	Missing
71242at33392	Missing
71372at33392	Missing
71409at33392	Missing
71605at33392	Missing
71638at33392	Missing
71640at33392	Missing
71695at33392	Missing
71727at33392	Missing
71778at33392	Missing
71820at33392	Missing
71853at33392	Missing
71890at33392	Missing
71905at33392	Missing
71941at33392	Missing
71944at33392	Missing
72155at33392	Missing
72236at33392	Missing
72292at33392	Missing
72307at33392	Missing
72340at33392	Missing
72406at33392	Missing
72444at33392	Missing
72551at33392	Missing
72595at33392	Missing
72680at33392	Missing
72726at33392	Missing
73017at33392	Missing
73024at33392	Missing
73066at33392	Missing
73113at33392	Missing
73136at33392	Missing
73169at33392	Missing
73228at33392	Missing
73235at33392	Missing
73304at33392	Missing
73441at33392	Missing
73484at33392	Missing
73595at33392	Missing
73728at33392	Missing
73794at33392	Missing
74062at33392	Missing
74114at33392	Missing
74136at33392	Missing
74213at33392	Missing
74309at33392	Missing
74424at33392	Missing
74457at33392	Missing
74489at33392	Missing
74506at33392	Missing
74510at33392	Missing
74530at33392	Missing
74656at33392	Missing
74672at33392	Missing
74811at33392	Missing
74829at33392	Missing
74836at33392	Missing
74843at33392	Missing
74979at33392	Missing
74986at33392	Missing
75002at33392	Missing
75043at33392	Missing
75072at33392	Missing
75171at33392	Complete	NC_007416.3_LGX	3636804	3638173	-	541.7	302	https://www.orthodb.org/v10?query=75171at33392	MAP kinase-activated protein kinase 2
75283at33392	Missing
75296at33392	Missing
75411at33392	Missing
75492at33392	Missing
75566at33392	Missing
75674at33392	Missing
75766at33392	Missing
75787at33392	Missing
75790at33392	Missing
75833at33392	Missing
75889at33392	Missing
75940at33392	Missing
76213at33392	Missing
76407at33392	Missing
76469at33392	Missing
76585at33392	Missing
76648at33392	Complete	NC_007416.3_LGX	4656501	4658365	-	390.5	203	https://www.orthodb.org/v10?query=76648at33392	LIX1-like protein
76668at33392	Missing
76727at33392	Missing
76942at33392	Missing
77063at33392	Missing
77066at33392	Missing
77067at33392	Missing
77114at33392	Missing
77115at33392	Missing
77203at33392	Missing
77240at33392	Missing
77249at33392	Missing
77259at33392	Missing
77338at33392	Missing
77490at33392	Missing
77527at33392	Missing
77555at33392	Missing
77707at33392	Missing
77774at33392	Missing
77915at33392	Missing
77931at33392	Missing
77946at33392	Missing
78006at33392	Missing
78153at33392	Missing
78179at33392	Missing
78207at33392	Missing
78214at33392	Missing
78296at33392	Missing
78334at33392	Missing
78382at33392	Missing
78444at33392	Missing
78494at33392	Missing
78620at33392	Missing
78793at33392	Missing
78854at33392	Missing
78858at33392	Missing
78966at33392	Missing
79107at33392	Missing
79204at33392	Missing
79211at33392	Missing
79396at33392	Missing
79418at33392	Missing
79454at33392	Missing
79468at33392	Missing
79473at33392	Missing
79523at33392	Missing
79534at33392	Complete	NC_007416.3_LGX	4127709	4129047	-	388.1	258	https://www.orthodb.org/v10?query=79534at33392	Bardet-Biedl syndrome 5 protein homolog
79630at33392	Missing
79683at33392	Missing
79728at33392	Missing
79759at33392	Missing
79760at33392	Complete	NC_007416.3_LGX	1137411	1138466	-	457.1	264	https://www.orthodb.org/v10?query=79760at33392	electron transfer flavoprotein subunit alpha, mitochondrial
79862at33392	Missing
79880at33392	Missing
79910at33392	Missing
79970at33392	Missing
80051at33392	Missing
80297at33392	Missing
80305at33392	Missing
80327at33392	Missing
80344at33392	Missing
80400at33392	Missing
80534at33392	Missing
80541at33392	Missing
80618at33392	Missing
80665at33392	Missing
80782at33392	Missing
80803at33392	Missing
80899at33392	Missing
81049at33392	Missing
81400at33392	Missing
81406at33392	Missing
81482at33392	Missing
81547at33392	Complete	NC_007416.3_LGX	6524135	6525935	+	265.5	254	https://www.orthodb.org/v10?query=81547at33392	protein RRNAD1
81580at33392	Missing
81766at33392	Missing
81857at33392	Missing
81879at33392	Missing
81889at33392	Missing
81893at33392	Missing
81925at33392	Missing
82031at33392	Missing
82036at33392	Missing
82047at33392	Missing
82075at33392	Missing
82164at33392	Missing
82230at33392	Missing
82285at33392	Missing
82301at33392	Missing
82474at33392	Missing
82562at33392	Missing
82647at33392	Missing
82681at33392	Missing
82741at33392	Missing
82777at33392	Missing
82859at33392	Complete	NC_007416.3_LGX	5152012	5153119	+	312.8	226	https://www.orthodb.org/v10?query=82859at33392	hydroxymethylglutaryl-CoA lyase, mitochondrial
82889at33392	Missing
82892at33392	Missing
82907at33392	Missing
82916at33392	Missing
82922at33392	Missing
82943at33392	Missing
82946at33392	Missing
83135at33392	Missing
83163at33392	Missing
83174at33392	Complete	NC_007416.3_LGX	7754738	7758554	-	453.8	335	https://www.orthodb.org/v10?query=83174at33392	major facilitator superfamily domain-containing protein 10
83226at33392	Complete	NC_007416.3_LGX	6660781	6661858	+	331.8	216	https://www.orthodb.org/v10?query=83226at33392	adapter molecule Crk
83292at33392	Missing
83312at33392	Missing
83314at33392	Missing
83321at33392	Missing
83414at33392	Missing
83460at33392	Missing
83512at33392	Missing
83563at33392	Missing
83659at33392	Missing
83756at33392	Missing
83783at33392	Missing
83851at33392	Missing
83873at33392	Missing
83984at33392	Missing
84017at33392	Complete	NC_007416.3_LGX	1305952	1312092	+	244.7	172	https://www.orthodb.org/v10?query=84017at33392	Nuclear factor interleukin-3-regulated protein
84029at33392	Missing
84098at33392	Missing
84139at33392	Missing
84297at33392	Missing
84467at33392	Missing
84475at33392	Missing
84570at33392	Missing
84658at33392	Missing
84666at33392	Complete	NC_007416.3_LGX	7867048	7869764	-	405.1	236	https://www.orthodb.org/v10?query=84666at33392	Golgi phosphoprotein 3 homolog sauron
84735at33392	Complete	NC_007416.3_LGX	3207872	3210101	-	415.5	302	https://www.orthodb.org/v10?query=84735at33392	rab11 family-interacting protein 2
84839at33392	Missing
84860at33392	Missing
84976at33392	Missing
84982at33392	Missing
85055at33392	Missing
85072at33392	Missing
85204at33392	Missing
85220at33392	Missing
85262at33392	Missing
85382at33392	Complete	NC_007416.3_LGX	6743465	6764266	-	298.4	177	https://www.orthodb.org/v10?query=85382at33392	NAB co-repressor, domain
85429at33392	Missing
85513at33392	Missing
85567at33392	Missing
85606at33392	Missing
85641at33392	Missing
85672at33392	Missing
85721at33392	Missing
85745at33392	Missing
85808at33392	Missing
85832at33392	Missing
85885at33392	Complete	NC_007416.3_LGX	6081057	6081987	-	198.2	180	https://www.orthodb.org/v10?query=85885at33392	protein FAM8A1
85998at33392	Missing
86058at33392	Missing
86066at33392	Missing
86146at33392	Missing
86223at33392	Missing
86283at33392	Missing
86363at33392	Missing
86410at33392	Missing
86566at33392	Missing
86688at33392	Missing
86853at33392	Missing
86950at33392	Missing
87008at33392	Missing
87037at33392	Missing
87060at33392	Missing
87063at33392	Missing
87067at33392	Missing
87096at33392	Missing
87102at33392	Missing
87191at33392	Missing
87225at33392	Missing
87250at33392	Missing
87301at33392	Missing
87306at33392	Missing
87364at33392	Complete	NC_007416.3_LGX	4468500	4471384	-	204.4	218	https://www.orthodb.org/v10?query=87364at33392	Small glutamine-rich tetratricopeptide repeat-containing protein alpha
87444at33392	Missing
87499at33392	Missing
87501at33392	Missing
87511at33392	Complete	NC_007416.3_LGX	5874750	5878941	+	386.5	261	https://www.orthodb.org/v10?query=87511at33392	SH2 domain
87537at33392	Missing
87633at33392	Missing
87658at33392	Missing
87740at33392	Missing
87780at33392	Missing
87805at33392	Complete	NC_007416.3_LGX	7936215	7937163	-	281.7	216	https://www.orthodb.org/v10?query=87805at33392	protein unc-50 homolog
87827at33392	Missing
87855at33392	Missing
87953at33392	Missing
88026at33392	Missing
88063at33392	Missing
88076at33392	Missing
88108at33392	Missing
88161at33392	Missing
88196at33392	Missing
88271at33392	Missing
88282at33392	Missing
88288at33392	Missing
88295at33392	Complete	NC_007416.3_LGX	7308996	7312077	-	383.1	256	https://www.orthodb.org/v10?query=88295at33392	Protein phosphatase methylesterase 1
88316at33392	Missing
88328at33392	Missing
88392at33392	Missing
88453at33392	Missing
88547at33392	Missing
88604at33392	Complete	NC_007416.3_LGX	7927380	7928444	-	310.6	172	https://www.orthodb.org/v10?query=88604at33392	protein tipE
88635at33392	Missing
88636at33392	Missing
88686at33392	Missing
88705at33392	Missing
88715at33392	Missing
88748at33392	Missing
88851at33392	Missing
88879at33392	Missing
89035at33392	Missing
89088at33392	Missing
89100at33392	Missing
89117at33392	Missing
89173at33392	Missing
89187at33392	Missing
89203at33392	Missing
89285at33392	Missing
89391at33392	Missing
89410at33392	Missing
89419at33392	Missing
89570at33392	Missing
89824at33392	Missing
89862at33392	Missing
90022at33392	Missing
90048at33392	Missing
90224at33392	Missing
90341at33392	Missing
90346at33392	Missing
90357at33392	Missing
90422at33392	Missing
90468at33392	Missing
90527at33392	Complete	NC_007416.3_LGX	1264426	1265769	+	201.0	151	https://www.orthodb.org/v10?query=90527at33392	dentin sialophosphoprotein
90659at33392	Missing
90670at33392	Missing
90708at33392	Missing
90785at33392	Missing
90913at33392	Missing
90922at33392	Missing
91005at33392	Missing
91023at33392	Missing
91094at33392	Missing
91105at33392	Missing
91180at33392	Missing
91264at33392	Missing
91323at33392	Missing
91368at33392	Missing
91379at33392	Missing
91454at33392	Missing
91492at33392	Missing
91556at33392	Missing
91579at33392	Missing
91687at33392	Missing
91779at33392	Missing
91793at33392	Missing
91864at33392	Missing
92015at33392	Missing
92102at33392	Missing
92132at33392	Missing
92150at33392	Missing
92303at33392	Complete	NC_007416.3_LGX	3436637	3437926	+	337.7	314	https://www.orthodb.org/v10?query=92303at33392	nischarin
92493at33392	Missing
92601at33392	Missing
92651at33392	Missing
92692at33392	Missing
92701at33392	Missing
92766at33392	Missing
92775at33392	Missing
92822at33392	Missing
92824at33392	Missing
92872at33392	Missing
92959at33392	Missing
93075at33392	Missing
93204at33392	Missing
93257at33392	Missing
93313at33392	Missing
93320at33392	Missing
93407at33392	Missing
93415at33392	Missing
93441at33392	Missing
93499at33392	Missing
93653at33392	Missing
93668at33392	Missing
93709at33392	Missing
93742at33392	Missing
93786at33392	Missing
93816at33392	Missing
93870at33392	Missing
93912at33392	Complete	NC_007416.3_LGX	3330033	3331050	-	371.4	257	https://www.orthodb.org/v10?query=93912at33392	3-ketodihydrosphingosine reductase
93942at33392	Missing
93982at33392	Missing
94044at33392	Missing
94135at33392	Missing
94202at33392	Missing
94285at33392	Missing
94358at33392	Complete	NC_007416.3_LGX	1361586	1362657	-	339.3	188	https://www.orthodb.org/v10?query=94358at33392	arfaptin-2
94379at33392	Missing
94474at33392	Missing
94490at33392	Missing
94539at33392	Missing
94608at33392	Missing
94677at33392	Missing
94725at33392	Missing
94828at33392	Missing
94861at33392	Missing
94954at33392	Complete	NC_007416.3_LGX	7759309	7760423	+	362.9	245	https://www.orthodb.org/v10?query=94954at33392	3-oxo-5-alpha-steroid 4-dehydrogenase, C-terminal
94963at33392	Missing
95081at33392	Missing
95137at33392	Complete	NC_007416.3_LGX	3549445	3551209	+	341.0	317	https://www.orthodb.org/v10?query=95137at33392	putative Dol-P-Glc:Glc(2)Man(9)GlcNAc(2)-PP-Dol alpha-1,2-glucosyltransferase
95168at33392	Missing
95242at33392	Missing
95275at33392	Missing
95283at33392	Missing
95446at33392	Missing
95456at33392	Missing
95475at33392	Missing
95480at33392	Missing
95529at33392	Complete	NC_007416.3_LGX	3584217	3588299	+	378.6	375	https://www.orthodb.org/v10?query=95529at33392	Single-stranded DNA-binding protein 3
95720at33392	Missing
95820at33392	Missing
95952at33392	Missing
95972at33392	Missing
96031at33392	Missing
96115at33392	Missing
96156at33392	Missing
96168at33392	Missing
96199at33392	Missing
96252at33392	Missing
96280at33392	Missing
96418at33392	Missing
96528at33392	Missing
96550at33392	Missing
96617at33392	Missing
96628at33392	Missing
96693at33392	Missing
96727at33392	Missing
96740at33392	Missing
96748at33392	Missing
96771at33392	Missing
96820at33392	Missing
96836at33392	Missing
96871at33392	Missing
96881at33392	Missing
96954at33392	Missing
96988at33392	Missing
97032at33392	Missing
97119at33392	Missing
97152at33392	Missing
97217at33392	Missing
97223at33392	Missing
97231at33392	Missing
97233at33392	Missing
97251at33392	Missing
97282at33392	Missing
97285at33392	Missing
97286at33392	Missing
97373at33392	Missing
97376at33392	Missing
97388at33392	Missing
97407at33392	Missing
97448at33392	Missing
97449at33392	Missing
97520at33392	Missing
97602at33392	Missing
97690at33392	Missing
97752at33392	Missing
97916at33392	Missing
98034at33392	Missing
98048at33392	Missing
98109at33392	Missing
98165at33392	Missing
98259at33392	Missing
98265at33392	Missing
98320at33392	Missing
98466at33392	Missing
98503at33392	Missing
98509at33392	Missing
98522at33392	Missing
98531at33392	Missing
98562at33392	Missing
98588at33392	Missing
98659at33392	Missing
98920at33392	Missing
98935at33392	Missing
99014at33392	Missing
99044at33392	Missing
99070at33392	Missing
99130at33392	Missing
99161at33392	Missing
99198at33392	Missing
99225at33392	Missing
99232at33392	Missing
99242at33392	Missing
99296at33392	Missing
99327at33392	Missing
99342at33392	Missing
99350at33392	Missing
99447at33392	Missing
99633at33392	Missing
99674at33392	Missing
99706at33392	Missing
99757at33392	Missing
99762at33392	Complete	NC_007416.3_LGX	4430040	4437848	-	113.0	594	https://www.orthodb.org/v10?query=99762at33392	Immunoglobulin-like domain
99795at33392	Missing
99877at33392	Missing
99884at33392	Missing
99998at33392	Missing
100002at33392	Missing
100122at33392	Missing
100162at33392	Missing
100171at33392	Missing
100198at33392	Missing
100217at33392	Complete	NC_007416.3_LGX	3597569	3599260	+	251.4	341	https://www.orthodb.org/v10?query=100217at33392	spermatogenesis-defective protein 39 homolog
100233at33392	Missing
100239at33392	Missing
100253at33392	Missing
100343at33392	Missing
100347at33392	Missing
100373at33392	Missing
100396at33392	Missing
100550at33392	Missing
100620at33392	Missing
100935at33392	Missing
100960at33392	Missing
100973at33392	Missing
101212at33392	Missing
101277at33392	Missing
101304at33392	Missing
101378at33392	Missing
101385at33392	Missing
101587at33392	Missing
101613at33392	Missing
101663at33392	Missing
101696at33392	Missing
101740at33392	Missing
101781at33392	Missing
101956at33392	Complete	NC_007416.3_LGX	6653233	6653979	+	255.4	131	https://www.orthodb.org/v10?query=101956at33392	IDLSRF-like peptide
102001at33392	Missing
102086at33392	Missing
102135at33392	Missing
102164at33392	Missing
102308at33392	Missing
102359at33392	Complete	NC_007416.3_LGX	3164556	3165287	+	234.8	145	https://www.orthodb.org/v10?query=102359at33392	GTP-binding protein Rheb homolog
102501at33392	Missing
102589at33392	Missing
102642at33392	Missing
102700at33392	Missing
102803at33392	Missing
102846at33392	Missing
103035at33392	Fragmented	NC_007416.3_LGX	3516283	3517599	+	86.2	63	https://www.orthodb.org/v10?query=103035at33392	RGS domain
103079at33392	Missing
103080at33392	Missing
103081at33392	Missing
103118at33392	Missing
103155at33392	Missing
103192at33392	Missing
103199at33392	Missing
103213at33392	Missing
103227at33392	Missing
103280at33392	Missing
103328at33392	Missing
103383at33392	Missing
103384at33392	Missing
103434at33392	Missing
103497at33392	Missing
103561at33392	Missing
103640at33392	Missing
103701at33392	Complete	NC_007416.3_LGX	3305944	3307577	+	339.6	273	https://www.orthodb.org/v10?query=103701at33392	Secretory carrier-associated membrane protein
103777at33392	Missing
103814at33392	Missing
103826at33392	Missing
103899at33392	Missing
103912at33392	Missing
103955at33392	Missing
103973at33392	Missing
104002at33392	Missing
104009at33392	Missing
104054at33392	Missing
104208at33392	Missing
104263at33392	Missing
104278at33392	Missing
104370at33392	Missing
104378at33392	Missing
104406at33392	Missing
104415at33392	Missing
104438at33392	Missing
104533at33392	Missing
104570at33392	Missing
104573at33392	Missing
104670at33392	Missing
104680at33392	Missing
104737at33392	Missing
104905at33392	Missing
104955at33392	Missing
105001at33392	Missing
105061at33392	Missing
105069at33392	Missing
105141at33392	Missing
105177at33392	Missing
105301at33392	Missing
105333at33392	Missing
105409at33392	Missing
105412at33392	Missing
105420at33392	Missing
105514at33392	Missing
105702at33392	Complete	NC_007416.3_LGX	8543883	8545679	-	313.5	232	https://www.orthodb.org/v10?query=105702at33392	protein RTF2 homolog
105766at33392	Missing
105793at33392	Missing
105948at33392	Missing
105999at33392	Missing
106095at33392	Complete	NC_007416.3_LGX	6782683	6783772	+	301.6	205	https://www.orthodb.org/v10?query=106095at33392	dihydropteridine reductase
106188at33392	Missing
106230at33392	Missing
106326at33392	Missing
106406at33392	Missing
106428at33392	Missing
106495at33392	Missing
106514at33392	Missing
106516at33392	Missing
106571at33392	Missing
106592at33392	Missing
106597at33392	Missing
106612at33392	Missing
106634at33392	Missing
106635at33392	Complete	NC_007416.3_LGX	3428950	3429725	+	274.7	162	https://www.orthodb.org/v10?query=106635at33392	protein jagunal
106654at33392	Missing
106677at33392	Missing
106749at33392	Missing
106834at33392	Missing
106896at33392	Missing
106917at33392	Missing
106961at33392	Missing
107024at33392	Missing
107044at33392	Missing
107078at33392	Missing
107083at33392	Missing
107218at33392	Missing
107231at33392	Missing
107239at33392	Missing
107240at33392	Missing
107259at33392	Missing
107263at33392	Missing
107282at33392	Missing
107288at33392	Missing
107320at33392	Missing
107404at33392	Missing
107469at33392	Missing
107482at33392	Missing
107488at33392	Missing
107568at33392	Missing
107593at33392	Missing
107628at33392	Missing
107691at33392	Missing
107704at33392	Missing
107724at33392	Missing
107836at33392	Missing
107893at33392	Missing
107928at33392	Missing
107941at33392	Missing
107956at33392	Missing
108051at33392	Missing
108115at33392	Missing
108119at33392	Missing
108202at33392	Missing
108269at33392	Missing
108282at33392	Missing
108393at33392	Missing
108450at33392	Missing
108485at33392	Missing
108530at33392	Complete	NC_007416.3_LGX	7948092	7948615	+	227.0	137	https://www.orthodb.org/v10?query=108530at33392	protein MEF2BNB homolog
108593at33392	Missing
108672at33392	Missing
108727at33392	Missing
108736at33392	Missing
108782at33392	Missing
108811at33392	Missing
108886at33392	Missing
108896at33392	Missing
108936at33392	Missing
108987at33392	Missing
109085at33392	Missing
109132at33392	Missing
109160at33392	Missing
109182at33392	Missing
109271at33392	Missing
109330at33392	Missing
109368at33392	Missing
109418at33392	Missing
109583at33392	Missing
109693at33392	Missing
109740at33392	Missing
109805at33392	Missing
109888at33392	Missing
109896at33392	Missing
109916at33392	Missing
109967at33392	Missing
109977at33392	Missing
110072at33392	Missing
110113at33392	Missing
110149at33392	Missing
110215at33392	Missing
110295at33392	Missing
110447at33392	Missing
110575at33392	Missing
110608at33392	Missing
110621at33392	Missing
110673at33392	Missing
110675at33392	Missing
110730at33392	Missing
110752at33392	Missing
110779at33392	Missing
110940at33392	Missing
110946at33392	Missing
111070at33392	Missing
111131at33392	Missing
111309at33392	Missing
111339at33392	Missing
111388at33392	Missing
111489at33392	Missing
111586at33392	Missing
111627at33392	Missing
111636at33392	Missing
111643at33392	Missing
111687at33392	Missing
111698at33392	Missing
111743at33392	Missing
111795at33392	Missing
111826at33392	Missing
111923at33392	Missing
112028at33392	Missing
112170at33392	Missing
112177at33392	Missing
112231at33392	Missing
112413at33392	Missing
112445at33392	Missing
112480at33392	Missing
112518at33392	Missing
112578at33392	Missing
112583at33392	Missing
112634at33392	Missing
112694at33392	Missing
112758at33392	Missing
112760at33392	Missing
112770at33392	Missing
112950at33392	Missing
112966at33392	Missing
113078at33392	Missing
113111at33392	Missing
113125at33392	Missing
113191at33392	Missing
113238at33392	Missing
113263at33392	Missing
113339at33392	Missing
113382at33392	Missing
113414at33392	Missing
113427at33392	Complete	NC_007416.3_LGX	7944800	7945450	-	278.9	156	https://www.orthodb.org/v10?query=113427at33392	Translocon-associated protein subunit beta
113544at33392	Missing
113587at33392	Missing
113622at33392	Missing
113709at33392	Missing
113714at33392	Missing
113733at33392	Missing
113834at33392	Missing
113913at33392	Missing
114084at33392	Missing
114097at33392	Missing
114147at33392	Complete	NC_007416.3_LGX	4986382	4986867	+	179.3	114	https://www.orthodb.org/v10?query=114147at33392	Na(+)/H(+) exchange regulatory cofactor NHE-RF1
114162at33392	Missing
114208at33392	Missing
114240at33392	Missing
114318at33392	Missing
114375at33392	Missing
114378at33392	Missing
114384at33392	Missing
114441at33392	Missing
114442at33392	Missing
114519at33392	Missing
114592at33392	Missing
114647at33392	Missing
114661at33392	Missing
114758at33392	Missing
114840at33392	Missing
114861at33392	Missing
114867at33392	Missing
115128at33392	Missing
115130at33392	Missing
115162at33392	Missing
115290at33392	Missing
115471at33392	Missing
115498at33392	Missing
115508at33392	Missing
115863at33392	Missing
115878at33392	Missing
115954at33392	Missing
116042at33392	Missing
116059at33392	Missing
116105at33392	Missing
116109at33392	Missing
116127at33392	Missing
116133at33392	Missing
116386at33392	Missing
116435at33392	Missing
116442at33392	Missing
116475at33392	Missing
116539at33392	Missing
116590at33392	Missing
116700at33392	Missing
116914at33392	Missing
116917at33392	Missing
116926at33392	Missing
116977at33392	Missing
117019at33392	Complete	NC_007416.3_LGX	6620176	6620720	+	197.2	100	https://www.orthodb.org/v10?query=117019at33392	uncharacterized protein C45G9.7
117085at33392	Missing
117189at33392	Missing
117259at33392	Missing
117382at33392	Missing
117470at33392	Missing
117556at33392	Missing
117589at33392	Missing
117672at33392	Missing
117767at33392	Missing
117818at33392	Missing
117853at33392	Missing
117933at33392	Missing
118053at33392	Missing
118098at33392	Missing
118131at33392	Missing
118220at33392	Missing
118238at33392	Missing
118354at33392	Missing
118386at33392	Missing
118456at33392	Missing
118652at33392	Missing
118788at33392	Missing
118819at33392	Missing
118882at33392	Missing
118979at33392	Missing
119022at33392	Missing
119037at33392	Missing
119111at33392	Missing
119147at33392	Missing
119153at33392	Missing
119291at33392	Missing
119314at33392	Missing
119483at33392	Missing
119522at33392	Missing
119531at33392	Missing
119544at33392	Missing
119654at33392	Missing
119661at33392	Missing
119672at33392	Missing
119717at33392	Missing
119742at33392	Missing
119767at33392	Missing
119904at33392	Missing
119912at33392	Missing
119925at33392	Missing
120045at33392	Missing
120068at33392	Missing
120195at33392	Complete	NC_007416.3_LGX	3753141	3753733	-	252.9	145	https://www.orthodb.org/v10?query=120195at33392	cysteine-rich hydrophobic domain-containing protein 2
120253at33392	Missing
120285at33392	Missing
120524at33392	Missing
120605at33392	Missing
120644at33392	Missing
120654at33392	Missing
120762at33392	Missing
120779at33392	Missing
120842at33392	Missing
120921at33392	Missing
120935at33392	Missing
120943at33392	Missing
120965at33392	Missing
121019at33392	Missing
121020at33392	Missing
121058at33392	Complete	NC_007416.3_LGX	6650676	6651438	-	205.4	148	https://www.orthodb.org/v10?query=121058at33392	uncharacterized protein LOC109597650
121100at33392	Missing
121107at33392	Missing
121115at33392	Missing
121207at33392	Missing
121236at33392	Missing
121373at33392	Missing
121537at33392	Missing
121635at33392	Missing
121696at33392	Missing
122049at33392	Missing
122075at33392	Missing
122088at33392	Missing
122095at33392	Missing
122122at33392	Missing
122190at33392	Missing
122199at33392	Missing
122321at33392	Missing
122365at33392	Missing
122378at33392	Missing
122388at33392	Missing
122539at33392	Missing
122594at33392	Missing
122669at33392	Missing
122707at33392	Missing
122717at33392	Missing
122872at33392	Missing
122962at33392	Missing
122988at33392	Missing
122992at33392	Complete	NC_007416.3_LGX	4970539	4971149	-	128.7	110	https://www.orthodb.org/v10?query=122992at33392	BCL2/adenovirus E1B 19 kDa protein-interacting protein 3
123317at33392	Missing
123330at33392	Missing
123372at33392	Missing
123429at33392	Missing
123586at33392	Missing
123659at33392	Missing
123699at33392	Missing
123708at33392	Missing
123921at33392	Missing
123999at33392	Missing
124034at33392	Missing
124051at33392	Missing
124129at33392	Missing
124179at33392	Missing
124241at33392	Missing
124373at33392	Missing
124487at33392	Missing
124625at33392	Missing
124767at33392	Missing
124879at33392	Missing
125147at33392	Complete	NC_007416.3_LGX	3755001	3755472	+	146.9	85	https://www.orthodb.org/v10?query=125147at33392	Short coiled-coil protein A
125174at33392	Missing
125182at33392	Missing
125301at33392	Missing
125324at33392	Missing
125338at33392	Missing
125375at33392	Missing
125459at33392	Missing
125476at33392	Missing
125535at33392	Missing
125541at33392	Missing
125601at33392	Missing
125628at33392	Missing
125684at33392	Missing
125704at33392	Missing
125815at33392	Missing
125824at33392	Missing
125834at33392	Missing
125859at33392	Missing
126036at33392	Missing
126085at33392	Missing
126103at33392	Missing
126252at33392	Missing
126318at33392	Missing
126346at33392	Missing
126496at33392	Missing
126504at33392	Missing
126701at33392	Missing
126781at33392	Missing
126952at33392	Missing
126988at33392	Missing
127030at33392	Missing
127116at33392	Missing
127210at33392	Missing
127240at33392	Missing
127343at33392	Missing
127442at33392	Missing
127850at33392	Missing
127868at33392	Missing
127931at33392	Missing
127989at33392	Missing
128088at33392	Missing
128253at33392	Missing
128420at33392	Missing
128591at33392	Missing
128631at33392	Missing
128656at33392	Missing
128684at33392	Missing
128695at33392	Missing
128778at33392	Missing
128962at33392	Missing
128994at33392	Missing
128995at33392	Missing
129029at33392	Missing
129072at33392	Missing
129158at33392	Missing
129179at33392	Missing
129444at33392	Missing
129517at33392	Missing
129575at33392	Missing
129577at33392	Missing
129598at33392	Missing
129688at33392	Missing
129905at33392	Missing
130013at33392	Missing
130255at33392	Missing
130297at33392	Missing
130387at33392	Missing
130447at33392	Missing
130502at33392	Missing
130667at33392	Missing
130720at33392	Missing
130724at33392	Missing
130770at33392	Missing
130924at33392	Missing
130949at33392	Missing
131097at33392	Missing
131190at33392	Missing
131369at33392	Missing
131653at33392	Missing
131765at33392	Missing
131785at33392	Missing
131854at33392	Missing
131864at33392	Missing
131879at33392	Missing
131893at33392	Missing
131936at33392	Missing
131941at33392	Missing
132164at33392	Missing
132259at33392	Missing
132286at33392	Missing
132641at33392	Missing
132670at33392	Missing
132714at33392	Missing
132718at33392	Missing
133508at33392	Missing
133526at33392	Missing
133554at33392	Missing
133651at33392	Missing
133808at33392	Missing
133879at33392	Missing
133986at33392	Missing
134030at33392	Missing
134292at33392	Missing
134501at33392	Missing
134899at33392	Missing
135025at33392	Missing
135312at33392	Missing
135764at33392	Missing
135985at33392	Missing
136832at33392	Complete	NC_007416.3_LGX	4953044	4953319	-	121.0	68	https://www.orthodb.org/v10?query=136832at33392	uncharacterized protein LOC106616796
137542at33392	Missing
